{
    "x": [
        0.24547088146209718,
        0.7379041910171509,
        1.9408857822418213,
        5.794287204742432,
        14.454401016235352,
        30.831884384155275,
        66.22166442871094,
        182.38954162597657,
        276.0577697753906,
        544.5027465820313,
        1207.813232421875,
        2128.139404296875,
        3845.918212890625,
        7328.24169921875,
        10889.3056640625,
        19186.6875,
        36812.89453125,
        56493.6796875,
        75509.1875,
        136458.390625,
        260015.9375,
        304789.65625,
        321366.03125,
        334195.15625,
        345143.8125,
        375837.25,
        396278.09375,
        406443.53125,
        412097.3125,
        628058.125,
        950605.125,
        1119437.375,
        1588547.5,
        2344228.25,
        3715353.75,
        5662390.0,
        7816280.5,
        10046155.0
    ],
    "y": [
        100.23050689697266,
        35.645118713378909,
        15.240530967712403,
        6.353309154510498,
        3.3573763370513918,
        2.103778123855591,
        1.3365952968597413,
        0.810961127281189,
        0.6745280027389526,
        0.5395106077194214,
        0.4549880623817444,
        0.4149540662765503,
        0.3935500979423523,
        0.39084088802337649,
        0.40926066040992739,
        0.43752214312553408,
        0.45814189314842226,
        0.4764309525489807,
        0.4920395612716675,
        0.4988844394683838,
        0.48640725016593935,
        0.4797334372997284,
        0.4698941707611084,
        0.45185592770576479,
        0.4149540662765503,
        0.23067474365234376,
        0.10739894211292267,
        0.07568328082561493,
        0.07079458236694336,
        0.08974289149045944,
        0.10641428828239441,
        0.1174897700548172,
        0.13835664093494416,
        0.15488168597221375,
        0.16634124517440797,
        0.17418071627616883,
        0.17864874005317689,
        0.18113401532173158
    ]
}